"RelativePath","SizeBytes","LastWriteTime"
"photos\2026\08\28\1228c156-947b-11f1-9cae-6a4b6c56230e\6075da42-a2a0-11f1-9cae-6a4b6c56230e_photo.jpg","9766","2026-09-09T00:59:40"
"photos\2026\08\28\1e608c40-2aaf-11f0-a2c4-6a4b6c56230e\593fe071-a28e-11f1-9cae-6a4b6c56230e_photo.jpg","17889","2026-09-09T00:59:42"
"photos\2026\08\28\1e608e43-2aaf-11f0-a2c4-6a4b6c56230e\1beabb2b-a2a1-11f1-9cae-6a4b6c56230e_photo.jpg","18790","2026-09-09T00:59:40"
"photos\2026\08\28\1e609049-2aaf-11f0-a2c4-6a4b6c56230e\b2687343-a2af-11f1-9cae-6a4b6c56230e_photo.jpg","15852","2026-09-09T00:59:39"
"photos\2026\08\28\1e6093bf-2aaf-11f0-a2c4-6a4b6c56230e\e7dfbdc2-a290-11f1-9cae-6a4b6c56230e_photo.jpg","13338","2026-09-09T00:59:41"
"photos\2026\08\28\1e6094f0-2aaf-11f0-a2c4-6a4b6c56230e\b585c3a7-a293-11f1-9cae-6a4b6c56230e_photo.jpg","17553","2026-09-09T00:59:41"
"photos\2026\08\28\1e60a4d4-2aaf-11f0-a2c4-6a4b6c56230e\3ef08bb5-a298-11f1-9cae-6a4b6c56230e_photo.jpg","16665","2026-09-09T00:59:41"
"photos\2026\08\28\5da03fac-9462-11f0-a2c4-6a4b6c56230e\1a1055c7-a2a9-11f1-9cae-6a4b6c56230e_photo.jpg","16229","2026-09-09T00:59:40"
"photos\2026\08\29\1e608c40-2aaf-11f0-a2c4-6a4b6c56230e\047f0613-a358-11f1-9cae-6a4b6c56230e_photo.jpg","17889","2026-09-09T00:59:39"
"photos\2026\08\29\1e608e43-2aaf-11f0-a2c4-6a4b6c56230e\c25308cf-a369-11f1-9cae-6a4b6c56230e_photo.jpg","18790","2026-09-09T00:59:38"
"photos\2026\08\29\1e608f3e-2aaf-11f0-a2c4-6a4b6c56230e\050c0792-a378-11f1-9cae-6a4b6c56230e_photo.jpg","15254","2026-09-09T00:59:37"
"photos\2026\08\29\4e6002aa-689c-11f1-9cae-6a4b6c56230e\bc213ebf-a35d-11f1-9cae-6a4b6c56230e_photo.jpg","17705","2026-09-09T00:59:38"
"photos\2026\08\30\1e608c40-2aaf-11f0-a2c4-6a4b6c56230e\34babc9c-a420-11f1-9cae-6a4b6c56230e_photo.jpg","17889","2026-09-09T00:59:37"
"photos\2026\08\30\1e608e43-2aaf-11f0-a2c4-6a4b6c56230e\b051b22d-a431-11f1-9cae-6a4b6c56230e_photo.jpg","18790","2026-09-09T00:59:37"
"photos\2026\08\30\1e609049-2aaf-11f0-a2c4-6a4b6c56230e\b450364f-a441-11f1-9cae-6a4b6c56230e_photo.jpg","15852","2026-09-09T00:59:36"
"photos\2026\08\31\1228c156-947b-11f1-9cae-6a4b6c56230e\fcc5cc6b-a4dd-11f1-9cae-6a4b6c56230e_photo.jpg","9766","2026-09-09T00:59:36"
"photos\2026\08\31\1e608e43-2aaf-11f0-a2c4-6a4b6c56230e\2c084678-a4f9-11f1-9cae-6a4b6c56230e_photo.jpg","18790","2026-09-09T00:59:34"
"photos\2026\08\31\1e608f3e-2aaf-11f0-a2c4-6a4b6c56230e\99a85dff-a50b-11f1-9cae-6a4b6c56230e_photo.jpg","15254","2026-09-09T00:59:34"
"photos\2026\08\31\1e6093bf-2aaf-11f0-a2c4-6a4b6c56230e\0e073bce-a4ec-11f1-9cae-6a4b6c56230e_photo.jpg","13338","2026-09-09T00:59:35"
"photos\2026\08\31\1e6094f0-2aaf-11f0-a2c4-6a4b6c56230e\a69da068-a4ef-11f1-9cae-6a4b6c56230e_photo.jpg","17553","2026-09-09T00:59:35"
"photos\2026\08\31\1e6098fc-2aaf-11f0-a2c4-6a4b6c56230e\1e7db9d9-a50f-11f1-9cae-6a4b6c56230e_photo.jpg","14164","2026-09-09T00:59:33"
"photos\2026\08\31\1e60a4d4-2aaf-11f0-a2c4-6a4b6c56230e\91ec2d47-a4f3-11f1-9cae-6a4b6c56230e_photo.jpg","16665","2026-09-09T00:59:35"
"photos\2026\08\31\5da03fac-9462-11f0-a2c4-6a4b6c56230e\020ef6d1-a4ff-11f1-9cae-6a4b6c56230e_photo.jpg","16229","2026-09-09T00:59:34"
"photos\2026\09\01\1228c156-947b-11f1-9cae-6a4b6c56230e\9232de81-a5cd-11f1-9cae-6a4b6c56230e_photo.jpg","9766","2026-09-09T00:59:31"
"photos\2026\09\01\1e609049-2aaf-11f0-a2c4-6a4b6c56230e\93ec2d29-a5d2-11f1-9cae-6a4b6c56230e_photo.jpg","15852","2026-09-09T00:59:31"
"photos\2026\09\01\1e6093bf-2aaf-11f0-a2c4-6a4b6c56230e\6cf9e35c-a5b5-11f1-9cae-6a4b6c56230e_photo.jpg","13338","2026-09-09T00:59:33"
"photos\2026\09\01\1e6094f0-2aaf-11f0-a2c4-6a4b6c56230e\17bbf750-a5b9-11f1-9cae-6a4b6c56230e_photo.jpg","17553","2026-09-09T00:59:33"
"photos\2026\09\01\1e6098fc-2aaf-11f0-a2c4-6a4b6c56230e\31ad1a97-a5ec-11f1-9cae-6a4b6c56230e_photo.jpg","14164","2026-09-09T00:59:30"
"photos\2026\09\01\1e60a4d4-2aaf-11f0-a2c4-6a4b6c56230e\4ecf8857-a5bd-11f1-9cae-6a4b6c56230e_photo.jpg","16665","2026-09-09T00:59:32"
"photos\2026\09\01\5da03fac-9462-11f0-a2c4-6a4b6c56230e\305d07ad-a5c8-11f1-9cae-6a4b6c56230e_photo.jpg","16229","2026-09-09T00:59:32"
"photos\2026\09\02\1e6093bf-2aaf-11f0-a2c4-6a4b6c56230e\20de2d3c-a67f-11f1-9cae-6a4b6c56230e_photo.jpg","13338","2026-09-09T00:59:29"
"photos\2026\09\02\1e6093bf-2aaf-11f0-a2c4-6a4b6c56230e\835d66cf-a67e-11f1-9cae-6a4b6c56230e_photo.jpg","13338","2026-09-09T00:59:30"
"photos\2026\09\02\1e6093bf-2aaf-11f0-a2c4-6a4b6c56230e\e770b272-a67e-11f1-9cae-6a4b6c56230e_photo.jpg","13338","2026-09-09T00:59:30"
"photos\2026\09\02\1e60a4d4-2aaf-11f0-a2c4-6a4b6c56230e\1422c8b3-a686-11f1-9cae-6a4b6c56230e_photo.jpg","16665","2026-09-09T00:59:29"
"photos\2026\09\03\1228c156-947b-11f1-9cae-6a4b6c56230e\5845503d-a765-11f1-9cae-6a4b6c56230e_photo.jpg","9766","2026-09-09T00:59:27"
"photos\2026\09\03\1e609049-2aaf-11f0-a2c4-6a4b6c56230e\99096c99-a753-11f1-9cae-6a4b6c56230e_photo.jpg","15852","2026-09-09T00:59:28"
"photos\2026\09\03\1e6093bf-2aaf-11f0-a2c4-6a4b6c56230e\fef6d30c-a752-11f1-9cae-6a4b6c56230e_photo.jpg","13338","2026-09-09T00:59:28"
"photos\2026\09\03\1e6094f0-2aaf-11f0-a2c4-6a4b6c56230e\7be453ee-a752-11f1-9cae-6a4b6c56230e_photo.jpg","17553","2026-09-09T00:59:28"
"photos\2026\09\03\1e60a4d4-2aaf-11f0-a2c4-6a4b6c56230e\da8a122c-a751-11f1-9cae-6a4b6c56230e_photo.jpg","16665","2026-09-09T00:59:29"
"photos\2026\09\03\5da03fac-9462-11f0-a2c4-6a4b6c56230e\efc9816a-a75a-11f1-9cae-6a4b6c56230e_photo.jpg","16229","2026-09-09T00:59:27"
"photos\2026\09\04\1228c156-947b-11f1-9cae-6a4b6c56230e\f8659061-a828-11f1-9cae-6a4b6c56230e_photo.jpg","9766","2026-09-09T00:59:26"
"photos\2026\09\04\1e608f3e-2aaf-11f0-a2c4-6a4b6c56230e\9279213d-a830-11f1-9cae-6a4b6c56230e_photo.jpg","15254","2026-09-09T00:59:25"
"photos\2026\09\04\1e6093bf-2aaf-11f0-a2c4-6a4b6c56230e\36f6073d-a811-11f1-9cae-6a4b6c56230e_photo.jpg","13338","2026-09-09T00:59:27"
"photos\2026\09\04\1e6094f0-2aaf-11f0-a2c4-6a4b6c56230e\098deecc-a813-11f1-9cae-6a4b6c56230e_photo.jpg","17553","2026-09-09T00:59:26"
"photos\2026\09\04\1e60a4d4-2aaf-11f0-a2c4-6a4b6c56230e\73feda5a-a818-11f1-9cae-6a4b6c56230e_photo.jpg","16665","2026-09-09T00:59:26"
"photos\2026\09\05\1e609049-2aaf-11f0-a2c4-6a4b6c56230e\3af8df32-a8dc-11f1-9cae-6a4b6c56230e_photo.jpg","15852","2026-09-09T00:59:25"
"photos\2026\09\05\1e609049-2aaf-11f0-a2c4-6a4b6c56230e\af7c6a51-a8db-11f1-9cae-6a4b6c56230e_photo.jpg","15852","2026-09-09T00:59:25"
"photos\2026\09\06\1e608f3e-2aaf-11f0-a2c4-6a4b6c56230e\ebd96845-a9bb-11f1-9cae-6a4b6c56230e_photo.jpg","15254","2026-09-09T00:59:24"
"photos\2026\09\07\1228c156-947b-11f1-9cae-6a4b6c56230e\e2d41448-aa92-11f1-9cae-6a4b6c56230e_photo.jpg","9766","2026-09-09T00:59:22"
"photos\2026\09\07\1e609049-2aaf-11f0-a2c4-6a4b6c56230e\17cde119-aa91-11f1-9cae-6a4b6c56230e_photo.jpg","15852","2026-09-09T00:59:22"
"photos\2026\09\07\1e6093bf-2aaf-11f0-a2c4-6a4b6c56230e\5c547c95-aa6d-11f1-9cae-6a4b6c56230e_photo.jpg","13338","2026-09-09T00:59:24"
"photos\2026\09\07\1e6094f0-2aaf-11f0-a2c4-6a4b6c56230e\561a466b-aa6f-11f1-9cae-6a4b6c56230e_photo.jpg","17553","2026-09-09T00:59:24"
"photos\2026\09\07\1e60a4d4-2aaf-11f0-a2c4-6a4b6c56230e\3cb94594-aa74-11f1-9cae-6a4b6c56230e_photo.jpg","16665","2026-09-09T00:59:23"
"photos\2026\09\07\5da03fac-9462-11f0-a2c4-6a4b6c56230e\4cce8b80-aa8c-11f1-9cae-6a4b6c56230e_photo.jpg","16229","2026-09-09T00:59:23"
"videos\2026\08\19\fd13a9fe-c0d0-11f0-9033-aec39fa66984\medpmo-video-test-9297865_video.mp4","538873","2026-09-09T00:59:42"
"videos\2026\08\28\1228c156-947b-11f1-9cae-6a4b6c56230e\6075da42-a2a0-11f1-9cae-6a4b6c56230e_video.mp4","701990","2026-09-09T00:59:41"
"videos\2026\08\28\1e608c40-2aaf-11f0-a2c4-6a4b6c56230e\593fe071-a28e-11f1-9cae-6a4b6c56230e_video.mp4","645793","2026-09-09T00:59:42"
"videos\2026\08\28\1e608e43-2aaf-11f0-a2c4-6a4b6c56230e\1beabb2b-a2a1-11f1-9cae-6a4b6c56230e_video.mp4","445462","2026-09-09T00:59:40"
"videos\2026\08\28\1e609049-2aaf-11f0-a2c4-6a4b6c56230e\b2687343-a2af-11f1-9cae-6a4b6c56230e_video.mp4","425315","2026-09-09T00:59:39"
"videos\2026\08\28\1e6093bf-2aaf-11f0-a2c4-6a4b6c56230e\e7dfbdc2-a290-11f1-9cae-6a4b6c56230e_video.mp4","396258","2026-09-09T00:59:42"
"videos\2026\08\28\1e6094f0-2aaf-11f0-a2c4-6a4b6c56230e\b585c3a7-a293-11f1-9cae-6a4b6c56230e_video.mp4","422042","2026-09-09T00:59:41"
"videos\2026\08\28\1e60a4d4-2aaf-11f0-a2c4-6a4b6c56230e\3ef08bb5-a298-11f1-9cae-6a4b6c56230e_video.mp4","282919","2026-09-09T00:59:41"
"videos\2026\08\28\5da03fac-9462-11f0-a2c4-6a4b6c56230e\1a1055c7-a2a9-11f1-9cae-6a4b6c56230e_video.mp4","365833","2026-09-09T00:59:40"
"videos\2026\08\29\1e608c40-2aaf-11f0-a2c4-6a4b6c56230e\047f0613-a358-11f1-9cae-6a4b6c56230e_video.mp4","770914","2026-09-09T00:59:39"
"videos\2026\08\29\1e608e43-2aaf-11f0-a2c4-6a4b6c56230e\c25308cf-a369-11f1-9cae-6a4b6c56230e_video.mp4","1499154","2026-09-09T00:59:38"
"videos\2026\08\29\1e608f3e-2aaf-11f0-a2c4-6a4b6c56230e\050c0792-a378-11f1-9cae-6a4b6c56230e_video.mp4","442965","2026-09-09T00:59:38"
"videos\2026\08\29\4e6002aa-689c-11f1-9cae-6a4b6c56230e\bc213ebf-a35d-11f1-9cae-6a4b6c56230e_video.mp4","479313","2026-09-09T00:59:39"
"videos\2026\08\30\1e608c40-2aaf-11f0-a2c4-6a4b6c56230e\34babc9c-a420-11f1-9cae-6a4b6c56230e_video.mp4","677529","2026-09-09T00:59:37"
"videos\2026\08\30\1e608e43-2aaf-11f0-a2c4-6a4b6c56230e\b051b22d-a431-11f1-9cae-6a4b6c56230e_video.mp4","505344","2026-09-09T00:59:37"
"videos\2026\08\30\1e609049-2aaf-11f0-a2c4-6a4b6c56230e\b450364f-a441-11f1-9cae-6a4b6c56230e_video.mp4","428958","2026-09-09T00:59:36"
"videos\2026\08\31\1228c156-947b-11f1-9cae-6a4b6c56230e\fcc5cc6b-a4dd-11f1-9cae-6a4b6c56230e_video.mp4","600640","2026-09-09T00:59:36"
"videos\2026\08\31\1e608e43-2aaf-11f0-a2c4-6a4b6c56230e\2c084678-a4f9-11f1-9cae-6a4b6c56230e_video.mp4","515517","2026-09-09T00:59:35"
"videos\2026\08\31\1e608f3e-2aaf-11f0-a2c4-6a4b6c56230e\99a85dff-a50b-11f1-9cae-6a4b6c56230e_video.mp4","568104","2026-09-09T00:59:34"
"videos\2026\08\31\1e6093bf-2aaf-11f0-a2c4-6a4b6c56230e\0e073bce-a4ec-11f1-9cae-6a4b6c56230e_video.mp4","380134","2026-09-09T00:59:36"
"videos\2026\08\31\1e6094f0-2aaf-11f0-a2c4-6a4b6c56230e\a69da068-a4ef-11f1-9cae-6a4b6c56230e_video.mp4","427581","2026-09-09T00:59:35"
"videos\2026\08\31\1e6098fc-2aaf-11f0-a2c4-6a4b6c56230e\1e7db9d9-a50f-11f1-9cae-6a4b6c56230e_video.mp4","473667","2026-09-09T00:59:34"
"videos\2026\08\31\1e60a4d4-2aaf-11f0-a2c4-6a4b6c56230e\91ec2d47-a4f3-11f1-9cae-6a4b6c56230e_video.mp4","334074","2026-09-09T00:59:35"
"videos\2026\08\31\5da03fac-9462-11f0-a2c4-6a4b6c56230e\020ef6d1-a4ff-11f1-9cae-6a4b6c56230e_video.mp4","367658","2026-09-09T00:59:34"
"videos\2026\09\01\1228c156-947b-11f1-9cae-6a4b6c56230e\9232de81-a5cd-11f1-9cae-6a4b6c56230e_video.mp4","641612","2026-09-09T00:59:31"
"videos\2026\09\01\1e609049-2aaf-11f0-a2c4-6a4b6c56230e\93ec2d29-a5d2-11f1-9cae-6a4b6c56230e_video.mp4","646946","2026-09-09T00:59:31"
"videos\2026\09\01\1e6093bf-2aaf-11f0-a2c4-6a4b6c56230e\6cf9e35c-a5b5-11f1-9cae-6a4b6c56230e_video.mp4","342934","2026-09-09T00:59:33"
"videos\2026\09\01\1e6094f0-2aaf-11f0-a2c4-6a4b6c56230e\17bbf750-a5b9-11f1-9cae-6a4b6c56230e_video.mp4","448716","2026-09-09T00:59:33"
"videos\2026\09\01\1e6098fc-2aaf-11f0-a2c4-6a4b6c56230e\31ad1a97-a5ec-11f1-9cae-6a4b6c56230e_video.mp4","458970","2026-09-09T00:59:31"
"videos\2026\09\01\1e60a4d4-2aaf-11f0-a2c4-6a4b6c56230e\4ecf8857-a5bd-11f1-9cae-6a4b6c56230e_video.mp4","349195","2026-09-09T00:59:32"
"videos\2026\09\01\5da03fac-9462-11f0-a2c4-6a4b6c56230e\305d07ad-a5c8-11f1-9cae-6a4b6c56230e_video.mp4","358764","2026-09-09T00:59:32"
"videos\2026\09\02\1e6093bf-2aaf-11f0-a2c4-6a4b6c56230e\20de2d3c-a67f-11f1-9cae-6a4b6c56230e_video.mp4","347452","2026-09-09T00:59:30"
"videos\2026\09\02\1e6093bf-2aaf-11f0-a2c4-6a4b6c56230e\835d66cf-a67e-11f1-9cae-6a4b6c56230e_video.mp4","531274","2026-09-09T00:59:30"
"videos\2026\09\02\1e6093bf-2aaf-11f0-a2c4-6a4b6c56230e\e770b272-a67e-11f1-9cae-6a4b6c56230e_video.mp4","584550","2026-09-09T00:59:30"
"videos\2026\09\02\1e60a4d4-2aaf-11f0-a2c4-6a4b6c56230e\1422c8b3-a686-11f1-9cae-6a4b6c56230e_video.mp4","387085","2026-09-09T00:59:29"
"videos\2026\09\03\1228c156-947b-11f1-9cae-6a4b6c56230e\5845503d-a765-11f1-9cae-6a4b6c56230e_video.mp4","533745","2026-09-09T00:59:27"
"videos\2026\09\03\1e609049-2aaf-11f0-a2c4-6a4b6c56230e\99096c99-a753-11f1-9cae-6a4b6c56230e_video.mp4","532480","2026-09-09T00:59:28"
"videos\2026\09\03\1e6093bf-2aaf-11f0-a2c4-6a4b6c56230e\fef6d30c-a752-11f1-9cae-6a4b6c56230e_video.mp4","792008","2026-09-09T00:59:28"
"videos\2026\09\03\1e6094f0-2aaf-11f0-a2c4-6a4b6c56230e\7be453ee-a752-11f1-9cae-6a4b6c56230e_video.mp4","529074","2026-09-09T00:59:29"
"videos\2026\09\03\1e60a4d4-2aaf-11f0-a2c4-6a4b6c56230e\da8a122c-a751-11f1-9cae-6a4b6c56230e_video.mp4","335411","2026-09-09T00:59:29"
"videos\2026\09\03\5da03fac-9462-11f0-a2c4-6a4b6c56230e\efc9816a-a75a-11f1-9cae-6a4b6c56230e_video.mp4","455694","2026-09-09T00:59:28"
"videos\2026\09\04\1228c156-947b-11f1-9cae-6a4b6c56230e\f8659061-a828-11f1-9cae-6a4b6c56230e_video.mp4","784957","2026-09-09T00:59:26"
"videos\2026\09\04\1e608f3e-2aaf-11f0-a2c4-6a4b6c56230e\9279213d-a830-11f1-9cae-6a4b6c56230e_video.mp4","468961","2026-09-09T00:59:26"
"videos\2026\09\04\1e6093bf-2aaf-11f0-a2c4-6a4b6c56230e\36f6073d-a811-11f1-9cae-6a4b6c56230e_video.mp4","411579","2026-09-09T00:59:27"
"videos\2026\09\04\1e6094f0-2aaf-11f0-a2c4-6a4b6c56230e\098deecc-a813-11f1-9cae-6a4b6c56230e_video.mp4","570311","2026-09-09T00:59:27"
"videos\2026\09\04\1e60a4d4-2aaf-11f0-a2c4-6a4b6c56230e\73feda5a-a818-11f1-9cae-6a4b6c56230e_video.mp4","329239","2026-09-09T00:59:26"
"videos\2026\09\05\1e609049-2aaf-11f0-a2c4-6a4b6c56230e\3af8df32-a8dc-11f1-9cae-6a4b6c56230e_video.mp4","367024","2026-09-09T00:59:25"
"videos\2026\09\05\1e609049-2aaf-11f0-a2c4-6a4b6c56230e\af7c6a51-a8db-11f1-9cae-6a4b6c56230e_video.mp4","494603","2026-09-09T00:59:25"
"videos\2026\09\06\1e608f3e-2aaf-11f0-a2c4-6a4b6c56230e\ebd96845-a9bb-11f1-9cae-6a4b6c56230e_video.mp4","540755","2026-09-09T00:59:24"
"videos\2026\09\07\1228c156-947b-11f1-9cae-6a4b6c56230e\e2d41448-aa92-11f1-9cae-6a4b6c56230e_video.mp4","595818","2026-09-09T00:59:22"
"videos\2026\09\07\1e609049-2aaf-11f0-a2c4-6a4b6c56230e\17cde119-aa91-11f1-9cae-6a4b6c56230e_video.mp4","540852","2026-09-09T00:59:23"
"videos\2026\09\07\1e6093bf-2aaf-11f0-a2c4-6a4b6c56230e\5c547c95-aa6d-11f1-9cae-6a4b6c56230e_video.mp4","293105","2026-09-09T00:59:24"
"videos\2026\09\07\1e6094f0-2aaf-11f0-a2c4-6a4b6c56230e\561a466b-aa6f-11f1-9cae-6a4b6c56230e_video.mp4","422099","2026-09-09T00:59:24"
"videos\2026\09\07\1e60a4d4-2aaf-11f0-a2c4-6a4b6c56230e\3cb94594-aa74-11f1-9cae-6a4b6c56230e_video.mp4","340653","2026-09-09T00:59:23"
"videos\2026\09\07\5da03fac-9462-11f0-a2c4-6a4b6c56230e\4cce8b80-aa8c-11f1-9cae-6a4b6c56230e_video.mp4","559881","2026-09-09T00:59:23"
